id,name,text,type,bookPage,prayerorder_id
1,"А бре, синко!","А бре, синко, знаеш ли,
що съседи за теб говорят?
Че си стадото в планината оставял
и вечер си се връщал	
моми по седенки да срещаш.

Моми, що седенки палят,
палят, палят, но и развалят.
Мома се, синко, вечер не избира. (2)",master,116,0
2,Аз смея да кажа,"Аз смея да кажа,
че Слънцето е светло.
Аз смея да кажа,
че Слънцето е светло.
Това не може да се откаже.
При него всичко се топи,
при него всичко тъй расте,
при него всичко все цъфти,
при него всичко зрее.
При него всичко става,
завивките си свива
и на работа отива.",master,116,0
3,Аин фаси,"Аин фаси, мекри заси,
фин земру Ашан меру.
Суа си син месул.
Сума си зен фесул,
Суа си син месул.
Сума си зен фесул,
Сума си зен фесул.

Във небесните ширини,
във небесните глъбини,
във небесните висини,
де Светлина обитава 
и в Живота вечно се проявява.",master,117,0
4,Аум,"Аум, Аум, Аум,
Ом, Ом, Аумен.",master,118,0
5,Бащина песен – Угледна мома,"От старо време, синко, е знайно,
хубава мома на светъл ден се познава,
кога Слънце сутрин изгрява, 
кога Слънце сутрин изгрява. 
Тя е ранобудница, рано става (2)
и с кърчази на извора отива
и вода си налива.
Тъй пълна и весела
тя дома се връща,
майка си мило прегръща.
Хубава мома се, синко, познава,
кога на лозе копае
и то изобилно грозде дава.
Лозе момински ръце
добре познава.

Хубава мома се, синко,
на нива познава,
кога ръкои дига и слага
и на земя ги добре полага,
и на Бога хвала дава.
Тя е, синко, гласовита,   
лична певица;	      
нея жито добре познава,
нея жито добре познава.
Тя е, синко, гласовита,
лична певица;
нея жито добре познава,
нея жито добре познава.

Хубава мома се, синко,
добре познава,
кога на гумно жито отвява
и в решето го пресява,
в житници го туря
и на бедни хляб дава.
Нея всички, малки и големи,
добре я познават.

Умна мома, синко, се познава,
кога книга във ръце си взема
и скрито бъдеще разгадава.
Тя всичко във живота
на място поставя.
Хубава мома, синко, е роса,
що земя оросява.
Тя е ангел, що отгоре иде,
при хора слиза
и в дома им мир и радост внася.
Тя е светла кат зората,
тя е мила кат водата,
тя е добра кат храната.",master,118,0
6,Бершид Ба,"Бе някога, бе някога,
когато бе всичко тъмнина
и в нея се появи Светлина.
И Светлината очерта красотата
на Божествения живот,
който се всели
и повдигна моята душа.",master,120,0
7,Блага дума на устата,"Блага дума на устата –
туй е ключът на сърцата,
на сърцата, на сърцата,
туй е ключът на сърцата.
Мили поглед на очите –
туй език е на душите,
на душите, на душите,
туй език е на душите.
Нежно чувство проявено – 
всяко зло е разтопено,
разтопено, разтопено,
всяко зло е разтопено.
Силна воля увенчава
всяко дело и проява,
всяко дело, всяко дело,
всяко дело и проява.
Любовта със тях съгражда
тоз живот, що тук се ражда,
ражда, ражда, ражда,
тоз живот, що тук се ражда. (5)",master,121,0
8,Благост,"Благост, благост, благост
носи, носи, носи
Светлината, Светлината, Светлината.
Радост носи за живота,
радост носи за живота,
радост носи за живота,
за живота тя, за живота тя,
за живота тя.
Стари вдига, млади вдига, 
стари вдига, млади вдига,
от леглото тя, от леглото тя, 
от леглото тя. 
Болни милва, здрави радва,
болни милва, здрави радва,
кога иде тя, кога иде тя,
кога иде тя.
И реки текат обилно,	
и цветя цъфтят красиво,
кога иде тя, кога иде тя, 
кога иде тя.",master,122,0
9,Бог е Любов,"Бог е Любов, Бог е Любов,
Бог е Любов, Любов, Любов –
вечна, безгранична,
пълна със живот,
живот на Благия Божи Дух,
Дух на благостта,
Дух на святостта,
Дух на пълен мир и радост
за всяка душа, за всяка душа.

Ний ще ходим в тоя път 		на Светлината, (3)			в която царува Божията Любов,	
Божията Любов. (3)",master,123,0
10,Божията Любов ме озари,"Божествена Любов 
душа ми разшири 
и изпълни сърцето ми с лъчи. 
От дълбоки глъбини 
повдигна Духа ми във висини 
на крилата си благословени, 
от Божия поглед озарени, озарени, 
от Божия поглед озарени. 

Любов ме озари, 
Любов ме озари – 
душа ми разшири, 
душа ми освети, 
душа ми разшири, 
душа ми освети, 
Духа ми укрепи 
и благост в мен всели. (3)  ",master,123,0
11,Буря,"Тъжна ми е душата.
Скръб и печал ме обземат.
Силна буря в мен се повдига,
но никого не обвинявам.
Бурята е буря, но в мен е Той. (2)
Бурята мен не разбира,
но аз я разбирам.
Бурята ме разтърсва 
за доброто, що е в мен.",master,124,0
12,Българска рапсодия,"Там горе, край извора, 
срещнах мома засмяна, 
там горе срещнах Лиляна. 
Изворът струи, извира 
и чисти води разлива, 
планинска песен разнизва.
Момата менци налива, 
в песента тихо се заслушва. 
Ще отида тамо горе, 
ще отида в планината, 
чисти води да погледам, 
тиха песен да послушам, 
ще отида тамо. 
Чисти води да погледам, 
тиха песен да послушам, 
ще отида тамо. 
Лиляно, цвете рано в градина, 
ако таз песен, Лиляно, не чуя, 
ах, от таз вода ако не пия, 
скръб ще ми пълни сърцето. 
Лиляно моме, ти 
в планината, там 
горе, ще ме заведеш, 
изворът дето извира. 
Горе в планината, 
Слънце дей огряло 
сред треви зелени, 
сред цветя засмени. 
Горе в планината, 
Слънце дей огряло. 
Там горе, край извора, 
срещнах мома засмяна, 
там горе срещнах Лиляна.",master,125,0
13,В зорите на живота,"В зорите на живота,
в зорите на живота
Слънце изгряваше,
Слънце изгряваше,
на Природа граници очертаваше,
на Природа граници очертаваше.
В душа ми мощен Дух пробуди,
в душа ми мощен Дух пробуди
и в сърце ми Любов събуди,
и в сърце ми Любов събуди,
събуди, събуди,
и в сърце ми Любов събуди.",master,126,0
14,В начало бе Словото,"В начало бе Словото,
и Словото бе у Бога,
и Словото бе Бог.
То в начало бе у Бога.
Всичко чрез Него стана 
и което е станало,
нищо без Него не стана.
В Него бе животът
и животът бе
виделина на человеците.
И виделината свети 
в тъмнината,
и тъмнината я не обзе.",master,127,0
15,Вдъхновение,"Вдъхновение, вдъхновение,
вдъхновение, вдъхновение,
вдъхновение.
Вдъхновение, вдъхновение,
вдъхновение, вдъхновение,
ти си благословение.",master,128,0
16,Венир Бенир,"Венир Бенир, 
Бихар Бенум
Ил биют, 
Ил безут 
Ом би ют.
Ил безут 
Ом би ют.
Зун мезун, 
зун мезун.
Бином ту мето.",master,128,0
17,Весел ти бъди,"Весел ти бъди, бодър ти стани –
грижите на живота
са товар безполезен.
Теб животът мило те зове:
весел ти бъди, бодър ти стани
и всичко живо ти
с Любов повдигни!
Весел ти бъди, бодър ти стани!
Весел бъди, бодър стани,
във живота радост носи,
във живота радост носи,
във живота ти!

Весел ти бъди, бодър ти стани!",master,129,0
18,Вехади,"Вехади, Вехади, Вехади,
Вехади, Вехади, Вехади.",master,129,0
19,"Вечер, сутрин","Вечер, сутрин отиде, дойде,
Вечер, сутрин отиде, дойде.
Отиде, дойде, отиде, дойде,
отиде, дойде, дойде.",master,130,0
20,Всичко в живота е постижимо,"Всичко в живота е постижимо,
когато времето е добро
и ний сме разумни.
Защото Доброто е основа,
а разумността – цел,	
с които Духът
гради бъднини, бъднини,
велики бъднини.",master,130,0
21,В пустинята на живота,"Във пустинята на живота,
где насилието се шири,
там страдание и мъка цари.
Всеки, с който те дружат,
мъченик, герой, светия го зоват.",master,130,0
22,Вътрешният глас на Бога,"Вену Бахар сали мусенет.
Туси Бахар. Вену сенет.
Туси Бахар, Вену Бахар
Сали мусенет.
Вену ил биют.
Биют, Биют, Биют.",master,131,0
23,Вяра светла,"Вяра светла, вяра силна!
Тя крепи Духа,
що живота ражда.  ",master,131,0
24,Вяра светла ІІ,"Вяра светла, вяра силна! 
Тя води нас към Бога, 
благото на живота, 
Любовта на Бога, 
где мир владее 
и Истината вечно грей. 

Вяра светла, вяра силна! 
Тя крепи Духа, 
що живот носи.",master,131,0
25,Вяра светла ІІІ,"Вяра светла, вяра силна! 
Тя крепи Духа, 
тя крепи Духа, 
що живота ражда. ",master,132,0
26,"Господи, колко те обичам!","Господи, колко Те любя! 
Боже, Господи мой, колко Те любя! 
Обичам Те, Господи! 
Обичам Твоите дръвчета, 
обичам Твоите цветенца, 
обичам Твоите рекички, 
обичам Твоите планини – 
всичко, Господи, 
което Си създал. 
Обичам Те, обичам Те, 
обичам Те, Господи!",master,132,0
27,"Грее, грее","Грее, грее, грее светлината,
грее, грее, грее светлината,
грее, грее, грее светлината,
грее, грее, грее светлината,
грее, грее, грее светлината,
грее, грее, грее светлината,
грее, грее, грее, грее, грее.
На тревите, на водите,
на цветята, на децата
радост носи за сърцата.
На тревите, на водите,
на цветята, на децата
радост носи за сърцата.",master,133,0
28,Да бих Те слушал!,"Да бих Те слушал, да бих Те слушал!
Ако бих Те слушал, Доброто щеше 
в мен да се прояви.
Да бих Те слушал, да бих Те слушал!
Ако бих Те слушал, Доброто щеше 
в мен да се изяви.",master,133,0
29,Да имаш вяра,"Да имаш вяра, вяра,
да имаш вяра, вяра,
да имаш вяра, вяра,
да имаш вяра, вяра, вяра. (2)",master,134,0
30,"Давай, давай!","Давай, давай, всичко давай,
чисто семе пшеничено!
Да се сее на нивата,
на нивата, красивата.
Да се чисти през зимата.
Да се радва на живота
всичко, сято на полето,
на полето от небето. (2)",master,134,0
31,Добър ден,"Добър ден е светлият ден.
Хубав и красив е той.
Всичко озарява, всичко оживява
и в живота Божието благо
той раздава.",master,134,0
32,До ще ден,"До ще ден, до ще ден,
до ще ден, до ще ден.
Той ще бъде светъл ден,
той ще бъде светъл ден,
той ще бъде светъл ден.
Саждай, саждай!
Гради, гради, гради, 
добре съгради!
И радостта ще те
добре награди.",master,135,0
33,"Духай, ветре!","Божието Слънце грее днес,
Божието Слънце грее днес,
Божието Слънце грее днес.
Духай, ветре, тихо духай,
тихо духай, мило гледай,
тихо духай, листе развий!
Лист развявай, цвят разтваряй,
цвят разтваряй, плод раздавай,
цвят разтваряй, плод раздавай.
Хай ди ди ди ди, да си иди.
Хай ди ди ди ди, да се учи;
да се учи, да получи,	
да получи, да се учи.	
Хай ди ди ди ди, да си иди,
да си иди, добро да види.
Божието Слънце грее днес,
Божието Слънце грее днес,
Божието Слънце грее днес.",master,135,0
34,Духът Божи,"Духът Божи, Духът Вечни,
Духът Святи, Духът Благи,
Кой пълни сърца ни със Любов,
Кой пълни сърца ни със Любов.
Кой пълни, Кой пълни, Кой пълни,
Кой пълни сърца ни със Любов,
Кой пълни сърца ни със Любов.
Със Любов, със Любов, със Любов.
Кой пълни сърца ни със Любов,
Кой пълни сърца ни със Любов.",master,136,0
35,Духът ми шепне това,"Аз във живота ще благувам.
Духът и душата ми шепнат това. (2)
И Духът ми шепне това,
шепне това, шепне това,
шепне това.
Духът и душата ми шепнат това.",master,137,0
36,"Една вечна Истина, 
която е Бог на Любовта","Едната, Адитна, 
Биотна Амрихална. 
Амерун, Шемерун. 
Ил Бихар, Ил Бихар, Ил Бихар. 
Бихар, Ил Бихар. 
Ил мезун. 
Вею, Вею, Вею, 
Тао Би Ом, 
Ом, Биют, 
Вею, Вею, Вею.",master,137,0
37,Езикът на Живата Природа,"Страшен беше вятърът,
що раздрусваше гората.
Страшен бе и силен.
Всичките листа шумяха,
шумяха и се молеха:
“Спри, ветре, спри, ветре,
волен развигор!
Не ни ли жалиш?
Поспри, не духай!
Едва през тази година
тука  дойдохме на гости.
Не духай, ветре, ще паднем,
ще ни се строшат ребърцата.“
“Ой ви вас, малки листенца,
за вас аз чух отдалеко
и дойдох да ви навидя,
да поиграя и ви подухам,
даренье да ви донеса.
Слушайте тогава мойта песен:
След мене той вече пристига,
другар ми верен, дребен дъжд.
Той ще полее полето,
ще го приготви за игри.
Прах да се, листи, не вдига
при тез игри весели.
Отгоре Слънце ще пекне,
да ни огрее, затопли;
да си потропнем тогава,
да си похапнем, 
чиста вода да пием,
с радост да се разделим.
Наново да се срещнем пак
и добре с обич да се разберем.“",master,138,0
38,Житно зърно,"Бях житено зърно, заровено в земята. 
Във сън дълбок живота не познавах. 
Но дойде лъч, при мен достигна Светлината 
и ме събуди със своя зов. 

От житено зърно аз станах малка птичка, 
в въздуха да хвъркам. 
Днеска за първи път, добре пременена, 
на лозена пръчка кацнах 
и от сладкото грозде 
за пръв път хапнах. 
Колко хубав е животът, 
тогава си казах.",master,139,0
39,Запали се огънят,"Запали се огънят на огнището,
затупка моето сърце.
Хлябът е готов, хлябът е готов.
Запали се новият светилник.
Сложи се трапезата.
Яви се моята мисъл:
хляба сладки днес да възлюбя
и сладките му думи аз да чуя.",master,140,0
40,Зов на планината,"И скачам аз като птичка
от клон на клон,
да се чуди всякой, кат ме види.
Запявам аз песен чудна за Слънцето,
бистри изворчета зашумяват.
И виждам аз – връх изправен
пред мен стои.
Той зове ме кротко там нагоре.",master,140,0
41,Зора на Новия живот,"Зора се чудна зазорява, 
зора на Нов живот, 
която мен в живота призовава. 
Зора се чудна зазорява, 
зора на Новия живот.",master,141,0
42,Изворче,"Там горе, високо в планината, 
извира изворче красиво, 
то си тихо пее и сърце си лее: 
„Като мене друго изворче
така красиво няма. 
От моите недра
извира чиста жива вода. 
Кой от мене пие,
нов живот добива, 
учение обгръща
и на работа се хваща.“",master,141,0
43,Изгрява Слънцето,"Изгрява Слънцето,
праща светлина,
носи радост за Живота тя. 
Сила жива, изворна, течуща,
Сила жива, изворна, течуща.
Зун мезун, зун мезун,
бином ту мето.",master,142,0
44,Имаше человек,"Имаше человек, проводен от Бога,
името му Иоан.
Той дойде в свидетелство
да свидетелствува
заради виделината,
за да повярват всички чрез него.
Не бе той виделината,
но да свидетелствува
за виделината.
Той беше истинната виделина,
която осветява всекиго человека,
що иде на света.
В света бе,
и светът чрез Него стана,
и светът Го не позна.
В Своите Си дойде,
и Своите Му Го не приеха.
А които Го приеха, даде им власт
да бъдат чада Божии,
сиреч, които вярват
в Неговото Име,
които не от кръв,
нито от похот плътска,
нито от похот мъжка,
но от Бога се родиха.",master,142,0
45,"Кажи ми, светли Божи лъч","Кажи ми, светли Божи лъч, 
благото на Живота, 
светлия прав път 
на чистите души. (4) ",master,143,0
46,"Кажи ми, светли Божи лъч ІІ","Господи, Ти живееш в мене, 
Ти живееш в мене. 
Кажи ми ти, светли Божи лъч, 
кажи ми ти благото на Живота, 
светлия прав път 
на чистите души, 
измити във водите на Любовта, 
на чистата Любов. 
Господи, Ти живееш в мене, 
Ти живееш в мене. 
Нека Твоят благ глас 
и милостта Ти, о, Боже, 
се изявят чрез мене!",master,143,0
47,Кажи ми Ти Истината,"Кажи ми Ти Истината,
която носи свобода
за моята душа.",master,144,0
48,Благата песен,"Ти съзнавай, ти люби,
безспирно сей, гради
и в живота всичко давай.
Тази Истина – Бога – ти познавай,
ти познавай, ти познавай,
Бога ти познавай.",master,144,0
49,Киамèт Зенỳ,"Киамет Зену,
Махар Бену.
Хайри мешина севат семуси бени.
Хаберим яве, суберим саве
Киамет Зену.
Махар Бену, Махар Бену.",master,145,0
50,Красив е животът,"Красив е животът на нашата душа,
що изпълня цялата Земя! 
Красив е животът на нашата душа, 
що изпълня цялата Земя!
Красив е животът на нашата душа,
що изпълня цялата Земя! (2)",master,145,0
51,Малката буболечица,"Мен ме роди Бог със Любов 
и озари със Живота нов. 
Едвам, едвам расте и зрее ми душата, 
но ето веч  –		
вървя нагоре, Слънцето где блести.  	Ще видя туй, 
душата ми що люби и копней.
 
Тъй буболечката шепти
и се стреми по нанагорния път,
и пречките една след друга побеждава.
Безброй скали, 
поля, долини смело преминава
и все напред 
се тя към върха възвисява.

Тъй векове безброй летят
и времето я преобразява.
И тъй порасна тя: девица мила, 
чиста роса, 
душа красива, 
творение на Бога –	
разлива мир 
и светла радост по света.",master,145,0
52,Малкият извор,"Светъл лъч отгоре слиза,
малките цветя да озари.
Близо изворче извира,
леко блика, шушне, шумоли
и цветята вечно весели.
Весели, весели, весели,		блика, шушне, весели,		блика, шушне, весели,		блика, шушне, весели, весели,
леко блика, шумоли			и цветята весели.",master,147,0
53,Малкият планински извор,"Блика и пее изворът чист 
с поглед невинен, ведър, лъчист. 
В скута планински родил се в зори, 
трепетна радост, бодрост звучи. 
Бистри струи пеят, капчици блестят. (2)
Разлива свежест, красота, 
мълви за Любовта. 
В сърцето на човека отеква песента. (2)
Нежни цветя край него цъфтят, 
приказки чудни тихо редят. 
Нимфи игриви тук танци плетат, 
в губера росен стъпки трептят.  
Нощем се оглеждат в извора звезди. (2)
И блика, дава той безспир. 
Тъй дава Любовта.
В сърцето на човека изгрява радостта. (2) ",master,147,0
54,Махар Бену Аба,"Махар Бену Аба, Веют 
Биладер Адер Бену шела,
Бену шела, Бену шела,
шела, шела, шела,
Биладер Адер Бену шела.

Във мрак, тъмнота
е бил животът наш,
но Слънцето на живота
просия у нас,
и ний тръгнахме
във пътя чист и свят за нас.
Свят за нас, свят за нас, свят за нас.",master,148,0
55,Мелодия 1 – Красив живот,"Красив Живот в безкраен път! 
Припомням си понякога, 
някъде далеч бе то. 
Там Слънце нивга не залязваше 
и небето – винаги лазурно, 
Мир и Светлина. 
Химни на Любовта 
ангели безспирно пеят, 
трептят, звучат в акорд 
звездните вселени. 
И въззема се в душата морна 
вечен копнеж. 
В скърби, радост, сълзи 
пътят ми извежда, знам. 
Духът могъщ лети 
в слънчева родина.  ",master,149,0
56,Мелодия 2 – В радостта на деня,"Радва се Земята, 
радва се Небето в Светлина. 
Семето, посято в плодна нива, 
расне свято в Любовта. 
Бог възраства Новия живот 
в радост и мир 
и цялото Небе прелива от Любов. 
Припев:
Ето го, грее денят красив и свят, 
и Любовта е жива благодат. 
Грей, разпръсквай радост, мир и обич, 
свят Божи ден. 
Всеблаг, всемъдър Бог Отец 
в душите милостта Си да възрасти. 
Да пребъде радост, 
да пребъде благост 
в Новия живот блажен. 
Божията воля да пребъде 
свята в този ден благословен. 
Слънчевото ято Бога благославя и зари,
Божията слава новия свещен Живот  
да озари. 
Целият всемир е Светлина и Светлината 
извор е на радост, сила и живот.
Припев: 
Ето го, грее денят ...",master,149,0
57,"Мелодия 3 
Когато се денят пробужда","Когато се денят пробужда, 
запяват слънчеви лъчи. 
От изворите на живота 
обилно радостта струи. 
И в тоя час, тържествен час на утрото, 
цялата Природа пей. 
Към върховете озарени 
политат нашите души.

Когато се денят пробужда,
долавяме небесен зов – 
вълнува ни и вдъхновява
за светъл и красив живот.
Ще дойде той след бурите, борбите.
Земята ще залее мир.
Могъща сила е Доброто,
ний вярваме – ще победи.",master,151,0
58,Мелодия 4 – Озарение,"Безгранична шир,
дивна красота и мир,
слънце за човешките души
носи свята Любовта безспир. (2)

Благ живот струи
в топли слънчеви лъчи
и душите славят в Светлина
благия Отец на Любовта. (2)

Всичко е Любов,
радост, сила и живот.
Свята Божия виделина
озарява тази красота. (2)",master,152,0
59,"Милост, благост","Милост,  благост в мен Той всели.
Милост, благост в мен Той всели,
в мен всели, в мен всели.",master,152,0
60,Мирът иде,"Иде вече, иде с палмово 
клонче на Мира.
Слиза той отгоре, слиза той, 
вестител благ.
Иде вече с палмово 
клонче като сияние.
Иде Мирът обещан 
със неговия поглед чист.
Всички души поздравява, 
всички сърца вдъхновява 
с лика си благ, мил, озарен.
Радост и веселие разнася 
той навред, където мине.
Иде той във ранните зори, 
Слънцето когато простира 
своите милващи ръце 
и буди всяко семе, 
всяко цветче – своите деца. 
Полските цветя със аромат го посрещат.
Малките горски птички 
от възторг песни пеят нему 
и свежите струи 
на планински изворчета тук ликуват.
Златни ниви благоговейно 
класове навеждат.
Цялата Природа е храм велик.
Иде Ангел на Мира в този храм 
да служи.
А стои човекът пред Светия олтар.
Огън гори там, в Свещения олтар.
И с молитва във душа 
Божия вестител чака той.
Иде вече ангел на мира 
със клонче палмово и жезъл.
Слиза той отгоре, 
царствен и желан,
кат’ слънчева усмивка блага,
и с радост пълни сърцата ни той. ",master,153,0
61,"Мисли, право мисли","Мисли, право мисли! (2)
Свещени мисли за живота ти крепи,
свещени мисли за живота ти крепи!
Крепи, крепи, крепи,
свещени мисли за живота ти крепи!",master,154,0
62,Ме-хейн,"Без теб е мрак, без теб е скръб. 
Божествен лъч, огрей ме ти. 
В сърцето ми ти внеси, 
в сърцето ми внеси Радост, Мир.
Пробуждам се от сън дълбок
и те зова като дете. 
Аз винаги вярвам, че ти
над мене с Любов бдиш майчина.",master,155,0
63,Мога да кажа,"Мога да кажа,
че Слънцето утре ще изгрей
и на Земята лицето ще огрей.
Топлина то ще внесе
за всичко, що расте.
Грей, мощно Слънце,
да учим ний добре!
Всичко разумно ще стане
и на работа ще се хване.
Грей, мощно Слънце,
да учим ний добре!",master,155,0
64,Мога да любя,"Аз мога да любя, добър да стана.
Аз мога да обичам, силен да стана.
Любовта и обичта,
Любовта и обичта ще ме научат
на Бога слуга да стана.
Слуга да стана, слуга да стана.
Това е новото поприще,
което внася Любовта
и новия свят създава,
де Любовта и обичта царуват
и Истината тържествува,
а животът свободен става.",master,156,0
65,Моето Слънце днес ще изгрее,"Мила моя мамо, 
моето Слънце днес ще изгрее. 
То светлина и радост 
ще ми донесе. 
Мила моя мамо, 
моето Слънце 
днес ще изгрее 
и радост светла 
то в живота ми ще внесе. 
Тогава, мамо, 
аз ще се проявя, 
готов ще бъда 
да проявя Доброто във света. 
Ще мисля добре, 
ще чувствам добре, 
ще постъпвам добре, мамо. 
Ти ще имаш, мамо, добър син. 
Мила моя мамо, 
моето Слънце днес ще изгрее 
и живота ми то 
с радост ще изпълни.",master,156,0
66,Молитва,"Вярвам във Тебе, Господи, 
Който Си ми говорил в миналото. 
Вярвам във Тебе, Господи, 
Който ми говориш сега.
Вярвам във Тебе, Господи, 
Който ще ми говориш в бъдещето.
Да се слави Името Ти 
и във Твоята слава да живеем ние.
Да се въдвори Царството Ти, 
и ние да участваме в Твоята радост.
Да бъде Волята Ти, 
както на Небето горе,
така и долу на Земята.
И ние да работим с Тебе наедно.
Амин! Така да бъде.",master,157,0
67,Молитва,"Чуй, Господи, към Тебе 
аз отправям мойта молитва. 
Да се освободи моето тяло 
от всичките неправди, 
които нося в света. 
Господи, Господи, Господи, 
да дойде Твоята милост 
над мене, над мене! 
Аз, който не зная 
как да живея още, Господи!",master,158,0
68,Молитва,"Господи, Ти си всичко 
за мене на Земята. 
Тук долу – толкоз скърби, 
тъй всичко пусто е без Теб 
и само Ти му даваш смисъл. 
Едничък Ти ме любиш,
зная, само Ти. 
И аз Теб любя.
Господи, научи ме
да любя всичко живо,
туй, което Ти създал си,
и да разнасям аз навред
Твоята нежност,
Радост и Любов. 
Да се науча
Теб аз да служа, 
да благодаря.",master,159,0
69,Мусала,"Един си ти, мой Мусала,
свещено място, Божи връх.
Мой Мусала, Мусала,
Мусала, Мусала,
мой Мусала!
През ясен ден на пролетта
видели ли сте изгрева от Мусала?
Мусала, Мусала, Мусала,
от Мусала. 
При първи лъч на Слънцето
вдъхнали ли сте
лекий дъх на Мусала?	
Мусала, Мусала, Мусала,		на Мусала.",master,160,0
70,Не ли думах,"Не ли думах, мила мамо, не ли казвах
да не седи наша Донка край огнище,
вкъщи само да се гуши,
а да иде, мамо, вече на школото,
да започне да се учи.
Наша Донка, мила мамо, е родена
мома умна, даровита,
та е време от школото за живота
нещо добро да научи.
Да не ходи вечер, мамо, на чешмата
на момците пълни стомни да поднася,
росни китки да им обещава,
а на болни вечер из селото 
нека тя вода разнася.
Наша Донка, мила мамо, 
по душа е блага, кротка, милостива,
но сърце си трябва да научи, мамо,
момците да не посмива.
Сутрин рано на чешмата да отива,
в бели менци, мамо, вода да налива,
бодра, весела, засмяна,
с чиста бяла риза, с хубава премяна,
та за пример тя да стане.
Кой я види как работи из селото, 
как на всекиго помага,
да обикне и да прояви Доброто
като тая душа блага.",master,160,0
71,Невà санзỳ ,"Нева санзу, нева санзу,
биют менси,
хариен хади хензи.
Ава Махар вен хабер менси.
Ава Махар вен хабер менси.
Ава Махар вен хабер менси.
Ава Махар вен хабер менси.",master,162,0
72,Първи Божествен ден,"В начало Бог създаде Небето и Земята. 
А Земята бе пуста и неустроена. 
Нямаше ред по нея. 
И тъмнина бе върху бездната, 
и Дух Божий се носеше 
над водите на живота. 
И рече Бог: 
„Да дойде красивата Виделина!“ 
И тя се яви във своята светлина. 
И видя Бог, че тя бе Добро. 
И Бог раздели светлината от тъмнината. 
И нарече Бог светлината ден, 
а тъмнината нощ. 
И стана вечер, и стана утро, Първи ден. ",genesis,162,0
73,Втори Божествен ден,"И рече Бог: 
„Да бъде простор сред водите!“ 
И направи Бог простора, и раздели Бог 
водата над простора от водата под простора. 
И стана така. 
И нарече Бог простора небе. 
И стана вечер, и стана утро, Втори ден. ",genesis,163,0
74,Трети Божествен ден,"И рече Бог: 
„Да се събере водата под небето!“ 
И стана така. 
И яви се сушата. 
И нарече я Бог земя. 
И събраната вода нарече море. 
И рече Бог, и израсна свежа трева 
със семена според вида си 
и дърво със плодове според вида си. 
И видя Бог, че всичко бе Добро. 
И стана вечер, и стана утро, Трети ден. ",genesis,163,0
75,Четвърти Божествен ден,"И рече Бог: 
„Да грейнат светила на небесния свод!“ 
И стана така. 
И направи Бог две светила: 
голямото да владей деня, 
а малкото – нощта. 
И направи Бог, 
че грейнаха звезди на небесния простор. 
И видя Бог, че всичко бе Добро. 
И стана вечер, и стана утро, 
Ден четвърти. ",genesis,164,0
76,Пети Божествен ден,"И рече Бог: „Да се родят 
във водата риби и морски чудовища 
и птици да хвъркат над земята 
по небесния простор, 
всички според вида си.“ 
И стана така. 
И видя Бог, че всичко бе Добро. 
И благослови ги Бог. 
И стана вечер, и стана утро, Пети ден. ",genesis,164,0
77,Шести Божествен ден,"И рече Бог: „Да дойдат над земята 
животни и зверове според видовете им.“ 
И стана така. 
И видя Бог, че всичко бе Добро. 
И рече Бог, и създаде человека. 
Сам го създаде по Своя образ и подобие. 
И благослови го 
да владее всичко живо по Земята, 
да обича и закриля всички твари 
във водата, по земята и въздуха. 
И рече Бог: „Давам тревата със семената й 
и дървото със плодовете си за храна 
на человека.“ 
И рече Бог: „Давам и на земните зверове, 
и на въздушните птици, и всичко, 
що пълзи по земята 
и има живот, и човек да не посяга на живота им.“ 
И видя Бог, че всичко, що направи, 
бе Добро. 
И стана вечер, и стана утро, Шести ден. ",genesis,165,0
78,Седми Божествен ден,"И така създаде Бог Небето и Земята, 
и всичкото множество същества във тях. 
И благослови Бог Седмия ден 
и го освети, 
защото във него си почина 
от всичките си дела. 
И видя Бог, че всичко, що направи, 
бе Добро! 
Аум! Аум! Аумен!",genesis,166,0
79,Обетована земя,"Дни на страдания и скърби
през душата ми минаха,
вълни и бури душа ми заляха.
Но духът ми на живота
с мощ и сила над тях изплава.
За Обетована земя
аз тръгнах пътник,
где извират извори,
где текат реките, 
где зреят плодове,
где птици пеят.
Где хората живеят братски, (2)
там де Любов цари.",master,166,0
80,"Отче наш, 
не ни въвеждай в изкушение","Аз ще пазя топлината 
на моето сърце, 
която внася Божиите блага 
във моята душа. 
Отче наш, не ни въвеждай 
във изкушение, 
не ни въвеждай 
във изкушение.",master,167,0
81,Песен на зората,"Зора се светла зазорява,
зора се светла зазорява,
зазорява, зазорява.
Пълна радост тя в живота внася,
на млади носи здраве,
на работни дар –живот.
Мъдрите да добруват,
добрите да благуват,
да добруват, да благуват;
мъдри да добруват,
добри да благуват.
Зора за тях се светла зазорява,
зора за тях се светла зазорява,
зазорява, зазорява.",master,168,0
82,Песен за двете сестри,"Аз нося скръбта си с радост във живота  – 
тя ми е другарка блага, що добре ме учи. 
Аз нося скръбта си с радост във живота  – 
тя ми е другарка, що ме учи. 
Макар безспирно и да пъшкам, 
кротко тя напред ме води. 
И сладки думи ми говори 
тя за сестра си Радост, 
която с радост ще ме посрещне. 
Трепна първи път тогаз сърцето ми
за мойта сестра Радост.",master,168,0
83,Песен на светлия път,"Мога да постигна, що желая.
Във живота всичко се постига.
Ще нося Божиите блага
във всички човешки сърца.
Там, дето се ражда радостта,
Там, дето царува Любовта.",master,169,0
84,Песента на ангелите,"Ако бяха вашите уши отворени, 
щяхте да чуете гласа на ангелите, 
които пеят. 
Те пеят песента на Любовта. 
Те пеят: „Вие, человеците, 
които сте създадени 
по образ и подобие на Бога, 
слушайте гласа на вашия Творец, 
слушайте гласа на вашия Баща, 
Който днес ви говори! 
Слушайте Го! Слушайте Го вий, 
и ние също Го слушаме. 
Вършете Волята Му, 
и ние също вършим Волята Му. 
Този е смисълът на Живота, 
този е смисълът на Живота, 
смисълът на Живота, на безсмъртието.“ 
Ето песента на ангелите, 
които сега пеят: 
„Слава на нашия Велик Творец! 
Слава, слава, слава на нашия Баща!
Слава на нашия Баща, 
на нашия Велик Баща!“",master,169,0
85,Писмото,"Когато Любовта царува, 
смут не става. 
Когато Мъдростта управлява, 
редът не се нарушава. 
Когато Истината грее, 
плодът цъфти и зрее.",master,170,0
86,Подмладяване,"Аз ще се подмладя,
ти ще се подмладиш,
той ще се подмлади.
Това ми казва Любовта,
това ми казва Любовта.
Ний, които следваме
пътя на Доброто,
ще се подмладим.
Вий, които следвате
пътя на Доброто,
ще се подмладите.
Те, които следват
пътя на Доброто,
ще се подмладят.
Това ни казва Любовта,
това ни казва Любовта.",master,171,0
87,Правда,"Правда, правда, правда,
що внасяш свобода в ума.
Красива и мощна си ти 
и разпределяш всичко в света.
Правда, правда!",master,171,0
88,При всичките условия,"При всичките условия на живота
не губи своя мир, своя мир!
Животът е красив,
когато човекът е смел.",master,172,0
89,Пролет,"Слушайте гласа на песента,
що разнася вече пролетта.
Дар велик е за живота тя,
дар велик е за живота тя.",master,172,0
90,Пролетна песен,"Мили Боже, чуй ни песента –
пеем ний за Слънцето, за пролетта.
Чуй ни песента:
“Пролет иде, нов живот носи.
Първо цвете на пролетта –
будя всички от сън.
Мен първо Слънцето ме вижда.
Слънчице, Божи дар,
ти си извор на живот, 
ти ни изпращаш лъч,
що разтваря свежи, нежни листенца.
Пролет, пролет, пълна със живот,
вечна пролет, ти си рай,
Божи дар, Божи дар.
Сал за тебе аз живея.“",master,172,0
91,Радост,"Радост, радост, радост на живота ми.
Ти веселиш сърцето ми. (2)",master,173,0
92,Радост за душата,"Радост, радост за душата 
носи чистотата. 
Радост, радост, радост, 
радост за душата 
носи чистотата. 
Чисти бъдете като пчелите! 
Чисти бъдете като цветята!",master,173,0
93,Радост и скръб,"Слушал съм за тебе, скръб,
че жестока си била,
че страдания причиняваш ти.
Не знаеш ли ти,
че съм беден странник?
Кажи, що искаш ти от мене,
скръб, кажи!
Кажи, що искаш,
нека аз това да знам!
„Мъчно може мен някой да обича.
Там е скръбта.
Който мен обича 
и приема ме добре,
само той може
живота да разбира.
Труден е и стръмен е пътят,
по който вървя.
Мъчно може да ме следва 
някой там,
а за смъртния 
невъзможно е почти.
Някой пък да обича
и добре да мисли за мен,
трябва той да бъде жител
съвършено от друг свят.“
Радост и скръб – това са пътища
да се разбира Великия живот.
Любовта еднакво и двете цени.

Скръб и радост са едно, 
скръб и радост са едно,
Любовта щом в тях цари.
Правдата в скръбта се цени,
а Доброто – в радостта.
Тях да възприемем,
дружно да вървим напред.
Любовта еднакво и двете цени. (2)",master,174,0
94,Ранен час,"Ранен час е,
всичко пей, трепти.
Слънце грей,
радва се душата на света
за великата Любов.
Пей, сърце,
забрави скръбта
и бурите човешки
в тоя дивен час.
Чуй гласа ми!
Великият живот се ражда
в тежката скръб.
Тиха радост, Нов живот
носи тази буря на света.
Нов живот на Любов  – 
душа ми да стопли!
Свобода, силен дух
и мир ще имаш ти.
Чуй гласа ми!
Тихи звуци теб зоват,
вечна Любов там цари!",master,175,0
95,Светъл ден,"Светъл ден, светъл ден,
ден, ден, ден.
Весел ден, весел ден,
ден, ден, ден.
Божи ден, Божи ден,	
светъл Божи ден.
Светъл ден, светъл ден,
светъл ден, Божи ден.
Светъл ден, светъл ден,
светъл ден, Божи ден.",master,176,0
96,Свобода е потребна за душата,"Свобода е потребна за душата. 
Свобода е потребна за душата, 
за душата, за душата.",master,177,0
97,Сила жива,"Сила жива, сила жива,
кажи ми, кажи ми,
де вода извира! (2)
Извира, извира, де вода извира. (2)
Кажи ми, кажи ми, кажи ми 
сладки думи две!
Твойте думи две, 
сладки думи две.",master,177,0
98,Скръбта си ти кажи,"Скръбта си ти кажи,
сърце си ти отвори
на слънчеви лъчи,
на слънчеви лъчи,
на слънчеви лъчи,
на слънчеви лъчи.
Лъчи от Бога
благост ще ти донесат
и в душа ти радост ще внесат,
и в душа ти радост ще внесат,
и в душа ти радост ще внесат,
и в душа ти радост ще внесат,
и в душа ти радост ще внесат.
Радост ще внесат, радост ще внесат,
радост ще внесат, радост ще внесат,
радост ще внесат, радост ще внесат,
радост ще внесат, радост ще внесат
и в душа ти радост ще внесат.",master,178,0
99,"Сила, живот, здраве","Сила, живот, здраве – 
те са едно, те са едно.
Служители на Духа,	
носители на радостта,
крепители на младостта,
крепители на младостта –
те са едно, те са едно.",master,179,0
100,"Сила, здраве е богатство","Сила, здраве е богатство,
сила, здраве е богатство,	
сила, здраве е богатство, 
е богатство, е богатство,
сила, здраве е богатство.

За живота на душата,
за живота на душата.",master,179,0
101,Скитах се по гори и планини,"Скитах се по гори и планини.
Един Незнаен ме придружаваше.
Качвахме и слизахме
планински светли върхове
и, ходейки, Той винаги с мен бе.
Там горе видях аз
Неговата светлина,
що ме озари.
И каза Той:
“Помни, че трябва горе да си,	
слезни и знай – 
на всички полезен бъди!“",master,180,0
102,Сладко медено,"Сладко, медено, сладко, медено. (2)
Медено, медено, сладко, медено. (2)
От Слънцето изпратено, 
от пчелите донесено.
Сладко, медено, сладко, медено. (2)
Медено, медено, сладко, медено. (2)",master,180,0
103,Слушам,"Слушам-шам-шам, 
Слушам-шам-шам, 
Слушам-шам-шам, слушам.",master,181,0
104,Слънчева песен – пчеличката,"Пролет е веч, светло и топло е навред – 
Слънце грее, да, пролет е дошла.
Радост блика в кошера ни: бън,
всички бързат да излязат вън.
Те долавят пролетния цветен аромат,
спущат се към цъфналия цвят.
С радост те прашец събират
и понасят го към цъфналия цвят.
Радост блика в кошера ни: бън,
всички бързат да излязат вън.
Бън-зън, бън-зън, сладък мед
за вази ние готвим –
възлюбете благия Творец!
Възлюбете благия Творец,
да възлюбим нашия
велик и благ Творец!
Бън! Зън! Бън! Зън!",master,181,0
105,"Ставай, дъще!","В летен ден, в ранни зори
майка ми тихо се приближи.
Сладък глас блага дума 
ми каза:“Ставай дъще,
на нива трябва да се ходи!
Ставай, че баща ти вънка
мен и тебе със колата чака.
Слънцето щом изгрей,
ти на нивата трябва да си.
С сърп в ръка, с песен ти
деня срещни. Ставай, дъще,
Слънце дома да не те завари.
Ставай, че моми и момци – 
вси към нивата са веч тръгнали.
Нива е, дъще, животът,
де доброто семе се сей.
Кат израсне, живот внася
то във нас. Ставай, дъще,
Любовта днес мен и тебе чака.
Ставай, тя ни носи 
своята нова, жива премяна.
Ставай, че животът вънка мен
и тебе с благост вече чака.“",master,182,0
106,Странник съм в този свят,"Странник съм във този свят. 
Никого не познавам, освен Тебе. 
Ти, Господи, Боже мой, 
си създал всичко за мене. 
Аз отправям своята благодарност 
към Тебе. На Тебе, Господи, 
възложих своето упование. 
Да възлезе молбата ми към Тебе!  ",master,183,0
107,Студът всичко дава,"Студът всичко дава.
Студен си ти,
но ни предпазваш от студа;
студен си ти,
но ни избавяш от мраза,
студен си ти,
но ни избавяш от мраза,
студен си ти,
но ни предпазваш от мраза.
Студен си ти, студен си ти,
но ни донасяш чистота,
студен си ти, студен си ти,
но ни донасяш чистота.
Студът всичко дава.
Той е добрият слуга,
що Любов го вдъхновява.
За мнозина това е чудно,
но това го знаят
и дъждовните капки.
Студен е той,
но ни предпазва от студа
и всякога слуша гласа на обичта.
Студен си ти,
но ни избавяш от мраза
и носиш само това,
което Светлината ти дава.
Твойта дреха е бяла.
Студен си ти,
но ни избавяш от мраза.
От века са били затворени за теб
човешките сърца,
защото събличаш старото, старото
и завиваш младото, младото.
Студен си ти,
но ни спасяваш от студа.
И когато пролетта настава
и животът се явява,
ти пак ги придружаваш
и свойта светла дреха им надяваш.
Малко говориш, много мислиш;
малко обещаваш, много даваш
и всеки свой дар
със чистота придружаваш.",master,183,0
108,Там далече,"Там далече зная чуден край –
слънце, цветя и плодове,
блика извор, райска градина е.
Ти да ми кажеш туй, което знайш
за роден край, райска земя,
где росна вишна цъфти и зрей.
За тоз красив край път покажи.
Късай само плод узрял,
но без да чупиш свежи клон.
Изобилно плод си ти набери
и на всички с радост го занеси.",master,185,0
109,Ти ще сполучиш в живота,"Красив е животът на ангелите. 
Красив е животът на нашата душа. 
Ти ще сполучиш във живота, 
ти ще сполучиш във живота. 
Слушай гласа на ангелите 
и ще сполучиш във живота. 
Красив  е животът на ангелите.  ",master,186,0
110,Той иде!,"Иде, иде, иде,
сам Той иде, иде, иде, (2)
сам Той иде да помага Той,
да помага Той, да помага Той!
Мощният, силният,
да помага Той,
да помага Той, да помага Той!
Ний ще работим със Любов,
ще работим със Любов,
да помага Той, да помага Той.
Мощният, силният, да помага Той,
да помага Той, да помага Той,
да помага Той!",master,186,0
111,"Тъги, скърби","Тъги, скърби вдигай, слагай,  
право върви! 
Не се спъвай, всичко вдигай, слагай, право върви! 
Върви, върви, върви, право върви!
Върви, върви, върви, право върви!
Върви, върви, върви, право върви!
Върви, върви, право върви, 
върви, върви, право върви!",master,187,0
112,"Тъги, скърби са богатство","Тъги, скърби са богатство 
за живота, в душа скрити,
за бъдни добрини,
за благи плодове,
за светли дни,
за светли дни,
за светли дни,
дни, дни, дни.",master,187,0
113,Фир-фюр-фен – Благославяй,"Фир-фюр-фен Тао Би Аумен,
Тао Би Аумен, Тао Би Аумен.
Фир-фюр-фен Тао Би Аумен,
Фир-фюр-фен Тао Би Аумен,
Фир-фюр-фен Тао Би Аумен.
Благославяй, душе моя, Господа, 
благославяй и не забравяй!
Благославяй, благославяй, 
благославяй и не забравяй!",master,188,0
114,Химн на Великата Душа,"Грее Слънцето, 
светло е навсякъде,
обвита е Земята със топла дреха.
Събужда всичко живо,
тече водата, расте тревата,
свежест лъха навсъде.
Всичко се движи, пълзи и лази,
хвъркат птиците, бягат сърните,
вее вятърът, а човекът стои
и мисли що да прави.
Чува се радостната песен:
„Велик си Ти, Господи,
велики са Твоите дела,
велико е Името Ти над всичко!
Ти цариш във сила и живот,
във знание, Мъдрост,
Истина, Любов.
Велик си Ти, Господи,
велики са Твоите дела,
велико е Името Ти над всичко!“",master,188,0
115,Химни на Слънцето,"Будя. Изгрява моето Слънце 
във моята душа. 
Да се слави Името Божие!
Будиш. Изгрява Божието Слънце 
в мен, във сърцето. 
Да дойде Царството Божие!
Буди. Изгрява Слънцето на моя дух.
Да бъде Волята Божия!
Будим. Изгрява Слънцето 
на нашите ангели. 
Да се въдвори Царството на Отца Нашего на светлините! 
Будите. Изгрява Слънцето на Великия Господ на мира във нашите души.
Да обнови нашата душа със Своята сила!
Будят. Изгрява Слънцето на всички слънца на нашите духове.
Да ни даде Господ живот, здраве и свобода!",master,189,0
116,"Ходи, ходи","Ходи, ходи, ходи,
за водата ходи
сутринната роса –
през речица бистра,
по пътека чиста.
За дома си носи
таз водица бистра,
за цветенца мили –	
нейните дечица.
Капките дъждовни
също тъй поднасят
изобилна влага –
струя на живота.
Никнат семенцата,
пъпки се разтварят, 
плодове узряват.
Всичко се събужда –
мощна е водата!",master,190,0
117,Цветята цъфтяха,"Цветята цъфтяха под слънчеви лъчи
и вече вързаха.
И тъй, облечени в красота,
и тъй, облечени в чистота,
те ни донасят младостта.
Във нея зреят сладки плодове.
И тъй, като ги приемаме,
познаваме, че са Божи дарове;
и тъй, като ги приемаме,
познаваме, че са дар на Любовта.",master,191,0
118,Аз съм бялото кокиче,"Аз съм бялото кокиче
всред тревите горски,
срамежливо кат  момиче
от погледи хорски. 

Зла ме мащеха събуди 
с’снега, ветровете, 
всичко живо да се чуди,
че съм ранно цвете.

Радост нова ви показвам      
с чашка ранобудна     
и за пролетта разказвам    
приказчица чудна.                

Че след мене теменужка          
у вас ще гостува,          
че със тая мила дружка         
славей ще се чува.  
Че агънца ще заблеят      
в ливади зелени,     
че орачи ще засеят     
ниви наторени.          

Златни класове ще зреят          
в тези чудни ниви,         
ангели ще славят Бога        
с песни най-красиви.",brotherhood,192,0
119,Ангел вопияше,"Ангел вопияше Благодатней: 
Чистая Дево, радуйся! И паки реку: радуйся! 
Твой Син воскресе тридневен от гроба 
и мертвие воздвигнувий. 
Людие, веселитеся! 

Светися, светися, новий Иерусалиме! 
Слава бо Господня на тебе возсия: 
ликуй нине и веселися, Сионе! 
Ти же, чистая, красуйся, Богородице, 
о востании рождества Твоего.  ",brotherhood,193,0
120,Благославяй,"Благославяй, душе моя, Господа!
Не забравяй всите Му милости,
не забравяй всите Му благости,
не забравяй всите Му добрини!
Не забравяй милостта Му,
не забравяй благостта Му,
не забравяй обичта Му,
не забравяй Любовта Му!",brotherhood,194,0
121,Благословен Господ,"Благословен Господ Бог наш
на всичките векове,
благословен Баща наш
на светлите духове,
на светлите духове,
на светлите духове,
на светлите духове,
на светлите духове.",brotherhood,194,0
122,"Братство, единство","Братство, единство ние искаме,
зовът на Любовта ние пускаме,
мира на радостта ние викаме:
благ живот в нас да вливаме.  
Благ живот в нас да вливаме, (3)
да вливаме, да вливаме, да вливаме,
благ живот в нас да вливаме, (2)
да вливаме, да вливаме, да вливаме!",brotherhood,195,0
123,Време е да вървим,"Време е да вървим,
злото да победим,
мира да въдворим,
Христа да възцарим!
Правда ще въведем,
свобода ще дадем,
и през всичките дни
верни ще сме ний.
	Да царува Любовта!
	Да царува Благостта!
	Бог е царят на света,
	Той в пътя ни е светлина.
Бързо да полетим,
мощно да възтръбим,
радост да възвестим,
вяра да съживим!
Ще огрей пак света
в първата красота,
свобода, мир и ред
ще владеят вред.
	Да царува Любовта!	  
	Да царува Благостта!
	Бог е царят на света,
	Той в пътя ни е светлина.",brotherhood,195,0
124,Дишай дълбоко!,"Дишай дълбоко, с весело сърце,
и на живота радвай се, дете!
Въздухът е жива сила винаги за нас. 
Дишай, дишай и пак дишай,
дишай да си здрав!
Кога дълбоко дишаш, дете,
ще имаш здраво, добро сърце.
Здраво сърце, добро кръвообращение,
силен стомах, здраво тяло 
ще имаш, дете.

Кога дълбоко дишаш, дете,
тялото ти изправено да е!
Права стойка, бодра крачка,  
с поглед все напред.
Дишай, дишай и пак дишай,
дишай ти навред!",brotherhood,196,0
125,Дързост в Христа,"Дързост във Христа, другари,
с Него да вървим напред,
Той е царят на живота, 
царството Му е навред,
	е навред.		
Дързост във Христа, другари, 
да вървиме все напред!
Бог Христос ни в пътя води,
Той е мощен цар навред,
	цар навред.
И тук долу, и там горе,
в мировете без конец,
всъде само Той царува,
Той е скиптър и венец,
	и венец. 
Управлява, благославя – 
всичко в мъдрост да расте,
плодове на правда свята
в жертва да Му принесе,
	принесе.
 
Ето днес ни горе викат,
към Небето да вървим,
че там радост ни очаква –
нов град да си съградим,
	съградим.

От смъртта се не плашете,
не загива същността, 
туй, що смърт зовеме тука,
за Небето е врата,
	е врата.

С радост и хвалебни песни
ще прекрачим нейни праг,
а отвъд Христос ни чака
все тъй кротък, все тъй благ,
	все тъй благ.
И там Той ще ни научи
тленното как да не тлей,
как с телото си човека
вечно може да живей,
	да живей.",brotherhood,197,0
126,За Небесния Цар,"Напред, напред за слава
в бой за Царя небесни,
Царя на правда, мир и любов,
	мир и любов,
	мир и любов,
	любов, любов.
Слава, слава Теб подобава.
Ти си Цар на правда и мир,
Ти си Цар на правда и мир,
	мир и любов,
	мир и любов,
	мир и любов,
	мир и любов,
	любов, любов.",brotherhood,199,0
127,Зората на новия живот,"Зора се чудна зазорява,
зора на светъл нов живот;
с великолепие огрява
поспрелия се наш кивот.
	В новия светъл тоз живот, (2)
	живот на Любовта;
	в новия светъл тоз живот,
	живот на Благостта;
	в новия светъл тоз живот,
	живот на Радостта.
И птички въздуха изпълнят
с възторг и сладки песни в хор,
хармонията да допълнят
в големия небесен двор.
	В новия светъл...
Трепти зората лекокрила
и буди нашите души;
като любяща майка мила
подканя всекиго: “Стани!“
	В новия светъл...
Лъчи от Любовта ни вливат
в гърдите жива топлина,
със сладка вяра ни повдигат
в крепост и виделина.
	В новия светъл...
О, тез лъчи от Бога идат,
те пълнят нашите сърца
и шепнат сладко как Той вика:
“Елате, моите деца!“
	В новия светъл...",brotherhood,200,0
128,Идват дни на радост,"Идват дни на радост, 
идват дни на радост, 
идват дни на радост 
за ония, които служат Богу.",brotherhood,201,0
129,"Изгрей, ти мое Слънце!","Изгрей, изгрей, ти мое Слънце,
защото чакам всеки ден.
За теб копнее мойто сърце
и в пътя си съм изморен:
ти носиш ми живот блажен.
	Живот блажен, живот блажен,
	блажен, блажен, живот блажен,
	ти носиш ми живот блажен.
Огрей Небето и Земята,
лазурни поднебесен шир,
развесели ми днес душата
в трептенията си безспир.
О, дай ми тоз живот и мир!
	Живот и мир, живот и мир,
	и мир, и мир, живот и мир,
	о, дай ми тоз живот и мир!
Единствено си ти, което
изпълваш всичко със любов
и подновяваш всичко вехто:
светът чрез теб ще бъде нов – 
ти вечно си света, Любов.
	Света любов, света любов,
	любов, любов, света любов,
	ти вечно си света, любов.",brotherhood,201,0
130,Изгрява ден тържествен,"Изгрява вече ден тържествен,
предреченият ден Божествен,
на дните диадема
със светлина голяма.
	Елате да живеем
	във Любовта чудесна!
	Елате да приемем
	таз благодат небесна,
	що живота обновява	  
	и вечно тя го подмладява!
И носи радост за душата,
и прогласява свободата
и мир с Любов пресвята
за всички на Земята.
	Елате да живеем...
О, ден прекрасен, вечно благо,
кому за тебе не е драго?
За всичките години
по-скоро обнови ни!
	Елате да живеем...",brotherhood,203,0
131,Излязъл е сеяч,"Излязъл е сеяч да сее
прекрасно благо – нов живот.
И сее той, и тихо пее	
пред всеки дом и всеки род:
	“Безценен дар е Любовта,
	красиво чувство – обичта,
	и благо дело – милостта,
	обилен извор – мъдростта.“
И който чуе, в миг потръпва
от тоя благ и мил напев;
и просиява, и възкръсва,
и благославя тоз посев.
	Безценен дар е Любовта... (2)
Любов Вселената облива,
от обич грее всяка твар,
живот в живота се прелива –
тук няма вече млад и стар.
	Безценен дар е Любовта... (2)",brotherhood,204,0
132,Към Рила,"Към Рила с мощна мисъл 
летим ний всеки ден. 
В гърдите с туй желание
живеем в свят нетлен. 

Отново ще се срещнем  
при рилските очи. 
Тук чудната цигулка
с нов тон ще зазвучи. 

Душите ни – цигулки – 
ще леят красота, 
защото с тях ще свири 
Доброто, Любовта.	  

Ще идем ний на Рила, 
ще видим Мусала, 
безкрайната Природа 
и своя мил Баща.",brotherhood,205,0
133,Към Сион,"С крилата на орела,
Сионе наш любим,
стремително към тебе
ний дружно днес летим.
   
	Смъртта ни веч не плаши,
	в нас Дух живее свят,
	еднакво нас ни радва 
	и тоз, и онзи свят.	

Плътта ще победиме
със смелост в подвиг нов,
сърцата ще стопиме
с Христовата любов.
   
	Сияй, свети Сионе,     
	ний бързо веч летим,   
	на Бога скоро в тебе
	с дух ще се поклоним. ",brotherhood,206,0
134,Любовта е извор,"Любовта е извор,
тя живота ражда
и пресвята длъжност
в него кротко всажда.
Все напред да ходи 
в стремеж към доброто,
що е съвършено
горе на Небето.
	Работи със нея
	в милости желани,
	помощта носи й
	за души страдални.
И туй непрестанно
върши тя самата
като нежна майка
всекиму в душата – 
постоянно сади
семенцата драги,
от които никнат 
добрините благи.
	Работи със нея...
Таз велика тайна
кой добре разбира,
свойта душа мила
сутрина разкрива,
както кринът бели
на роса небесна
и на слънчевата 
светлина чудесна.
	Работи със нея...
Слънцето, което 
оживотворява,
овреме човека
топло озарява,
буди и възраства
в него семенцата
и му пълни тайно
с добрини душата.
	Работи със нея...
Плодове тъй сладки,
в Любовта узрели,
най-блажен ще бъде 
тоз, който ви вкуси.
В жилища небесни
вечно ще живее,
пред престола Божи 
песни ще да пее.
	Работи със нея...",brotherhood,207,0
135,Милосърдието,"Милосърдието е градина райска,
чудно пременена, пълна с хубост майска;
билки и дървета, в красота развити,
с изобилна рожба всякога покрити. (2)
Всичко драго, мило и в любов живее,
и цъфти, и върже, и расте, и зрее.
Пролет, лято, есен и през цяла зима,
откогато хора на Земята има. (2)
И щом пътник морен мине край  градина,
всяко живо клонче весело му кима – 
плодове узрели без корист предлага
с непресторна нега и усмивка блага. (2)
Бедни и богати, здрави или болни,
и по всяко време тука са доволни,
че сменяват в радост грижите, хомота,
и с утеха виждат смисъл във живота. (2)
Затуй, който дири истинска победа,
рай такъв прекрасен нека си отгледа;
няма да се свърши щастие за него,
ще го благославят и земя, и небо. (2)
",brotherhood,209,0
136,На белия цвят,"Нагоре още да вървим,
към върховете бели,
ефира бял да поздравим 
и снежните кристали. 
	Хубостта на Божи свят,
	белината, наш е цвят – 
	вечна сила има,
	мрак я не обзима.
Нагоре още! Там цъфти
алпийска роза бяла,
зората белите лъчи	
в таз роза е изляла. 
	Хубостта на Божи свят...
Нагоре! Бяло Слънце днес 
от изток ще изгрее,
емблема жива на онез,
в които Бог живее.
	Хубостта на Божи свят...
Нагоре, в тази белина!
Тя всъде ще изпълни
и гибелната тъмнина
в бял ден ще се превърне.
	Хубостта на Божи свят...
Земята ще разхубавим,
на рай ще я направим,
Небето ще развеселим
и Бога ще прославим.
	Хубостта на Божи свят...",brotherhood,210,0
137,На Учителя,"На Учителя покорен 
аз ще служа до конца.
Той за мен е път отворен,
що ме води към Отца.

Господи, Ти мой Учител,
в стъпките си ме води,
и кат мощен покровител	
всякога към мен бъди.
Дай ми Твойта Мъдрост свята
и Божествена Любов – 
за любов към всички  братя	
винаги да съм готов.
И във дни на изпитание
Ти бъди ми канара – 
тъй за Тебе ще живея 
и за Тебе ще умра.8
И когато стана жител
на невидимия свят,
о, любезни мой Учител,
дай ми Твойта благодат!",brotherhood,211,0
138,На Христа запейте!,"Нови химни на Исуса
да запеем в тоя час – 
Божи Син е Той предвечен
на Небето и във нас.
Наш Учител, наш водител,
истинският наш живот,
Неговото крепко име  
да се слави в род и род!
На Христа запейте химни
нови в тоз тържествен час,
Той е Божи Син, изпратен
на Земята зарад нас.
Той живота си положи
от греха да ни спаси,
като смъртник в гроба слезе
мъртвите да възкреси.

И когато се прослави,
Нов завет ни даде Той – 
най-великия от всички:
Любовта – закона Свой.
Благовествува и рече:
“Вий сте Мои, Аз съм ваш,
хората са всички братя,
Бог Отец е татко наш. 

Един друг се залюбете – 
тъй се служи на Отца.
И Отец ви всички люби,
като Негови деца.
Аз съм жив хляб от Небето,
Аз съм истинска лоза,
Словото Ми опазете – 
заживейте в Любовта!

Само в нея е животът,
нейна е и радостта,
тя създава всяко благо –
тя едничка – Любовта.“
Тъй ни учеше тогава, 
тъй ни шепне и сега,
и възкръсват ми душата
тези Негови слова.",brotherhood,212,0
139,Напред да ходим!,"Напред да ходим смело
в чертозите безмълвни
на тайното познание,
с живот и сила пълни.
	Кат вихри над горите,
	с дух пламен във гърдите,
	напред да полетим,	   
	света да обновим!	   
Земята с чисти мисли 
да оградиме здраво,
и злото всепорочно
да победиме с право.
	Кат вихри над горите... 

На слабите да носим
подкрепа и обнова,
на страдущите – милост
и свободата нова.
	Кат вихри над горите... 

Във бездната да слезем,
хоругва да поставим
и падналите братя
от мъка да избавим.
	Кат вихри над горите... 

Тогава да отворим
на новий град вратите,
в Иерусалим да влезем – 
света на Светлините.
	Кат вихри над горите... ",brotherhood,214,0
140,"Напред, чада, напред!","Напред, чада, напред,	
носете Словото навред!
Без страх в живота нов	 
носете Правда, Мир, Любов!

От Новото небе
Спасителя ни днес зове.
Я чуйте тоя зов:		 
носете Правда, Мир, Любов!

Тук долу няма мир,
неправдата е в длъж и шир – 
разсейте бързо днес		
за Мир и Правда блага вест!

Напред, чада, напред,
носете Словото навред!
Без страх в живота нов	  
носете Правда, Мир, Любов!",brotherhood,216,0
141,Небето се отваря,"Небето се отваря
и ангелите пеят,
и молнии блестящи
тъми и здрач пилеят.
Христос отгоре слиза
във Своята държава
с могъщество и сила,  
във всичката Си слава.
Елате, братя, всички,
облечени във бяло,
да Го посрещнем с радост –
тържествено и славно.
Той иде на Земята
безкрайно да царува,
живот във Истината
на всички да дарува.
Благословено царство
на Бога Триединний
от сега и до века,
през всичките години.",brotherhood,217,0
142,Нови дрехи,"Както чeловек съблича
дрехите си овехтели,
за да може да надене
нови дрехи – чисти, бели,
тъй Духът плътта оставя – 
в друга плът да се засели,
и отива да наследи
нови някои предели.
Той минава световете
и във тях се въплътява – 
нови дарби да добие,
нов живот да устроява.
Тъй напредва той безкрайно
в красота неизразима
и достига Светлината – 
тамо, де блаженство има.
Тъй прекрасно и премъдро
Господ всичко е направил
и без устрем и надежда
никого не е оставил.
И животът е приятен,
всекиму се пак той  нрави – 
всичко живо, що въздиша,
вечно Господа да слави!",brotherhood,218,0
143,"О, Учителю благати!","О, Учителю благати,
теб изпълва добрина,
твойте думи са крилати,
пълни с мъдрост, светлина.

Пратеник си ти от Бога
всред измъчени души – 
мир, Любов ти в нас да влееш,
нов живот, честити дни.

В скърби, мъки и неволи
само ти си наш подслон,
ти утеха ни донесе:
мой Учителю, поклон!

Твойте думи – бисер чисти,
твоят образ – светлина,
о, Учителю честити,
влей в сърца ни топлина!",brotherhood,219,0
144,Песен на гласните букви,"а-а-а  (12) а
о-о-о  (12) о
у-у-у  (12) у
а-о-у  (12) а
а-а-а  (12) а
е-е-е  (12) е
и-и-и  (12) и
а-е-и  (12) а0",brotherhood,220,0
145,Поздрав на Учителя,"Благословен от Бога – ти,
Учителю на Любовта,
задето тъкмо в тези дни
донесе мир и светлина.
 	Добре дошъл, добре дошъл,
	Учителю на Любовта!
	Добре дошъл, добре дошъл,
	Учителю на Мъдростта!
Обвити в мрак до този час,
ний бяхме роби на греха,
но чухме твоя кротък глас
и лъхна към нас топлина.
	Добре дошъл...
Учителю благословен,
ти ни сърцата обнови,
запали огън в нас свещен
и сладки думи оживи.
	Добре дошъл...
Учителю, наш скъпи гост,
привет от нас ти приеми;
със радост ний готови сме
да жертваме живота свой.
	Добре дошъл...",brotherhood,220,0
146,При източника,"Висок планински връх блести,  
облян с лъчи от небесата.  
Там чисто изворче шурти  
и в химн излива си душата, 
         душата, душата,  
и в химн излива си душата.

Към него пътник уморен 
усилно се стреми с надежда.  
С дълбока скръб обременен, 
той нов живот си там отрежда,  
         отрежда, отрежда,  
той нов живот си там отрежда.

И пита той: “Да пийна ли
от твоята водица чиста –   
да освежа очите си,  
душа си страдна да очистя, 
          очистя, очистя,  
душа си страдна да очистя? 

Да отпочина ли; ръце, 
лице, нозе си да измия 
от тоз световен прах; сърце, 
покрито с рани, да разкрия,
          разкрия, разкрия, 
покрито с рани, да разкрия?“

 “Склони, о, пътниче злочест, 
глава си морна; утолявай 
безмерната си жажда днес
от мен – и в мен се ти надявай,
          надявай, надявай, 
от мен и в мен се ти надявай!  
Гласа ти мъченишки чух, 
приех и твойта жалба мила. 
Аз съм велик Божествен дух 
и ще ти дам живот и сила,
          и сила, и сила, 
и ще ти дам живот и сила.  

Ела, ела и пий от мен, 
о, мило Божие създание! 
Настъпи веч последен ден 
на всяка мъка и страданье,
     страданье, страданье, 
на всяка мъка и страданье.“ ",brotherhood,221,0
147,Псалом 91,"Който живее под покрива на 
Всевишнаго, ще пребивае под 
сянката на Всемогъщаго.
Ще казвам за Господа, ще казвам:
Той е прибежище мое и крепост моя,
Бог мой, Бог мой, 
на Него ще се надея.",brotherhood,223,0
148,Росна капка,"Росна капко, свят лазурен,
чист, красив и тих, безбурен –
мир на райския живот! (2)
В тебе, капко, викам всички
братя мили и сестрички –
да ти станеме народ.

Всяка сутрин във росата 
ще си къпеме сърцата
като слънчеви лъчи (2) 
и ще пеем нови песни 
със мелодии чудесни –
сводът красен да ечи. 

И тъй – чисти, в бели дрехи,
и препасани с доспехи
на великата Любов, (2)
ново Царство ще направим:
Бога нашего да славим 
всеки ден, во век-веков. ",brotherhood,224,0
149,"Сине мой, пази живота!","Сине мой, пази живота,
скрития у тебе жар – 
той безценен е по смисъл 
и великолепен дар.
Дух безсмъртен, дух нетленен,
туй, което вечно бди
и работи без умора,
непрестанно в теб гради! 
	
Ти си тоз живот реален,
синко, себе си познай!
Твойта сила е голяма,
дните твои нямат край.
Ти създаваш всеки подтик,
благородния стремеж,
идеалите високи	
и красивия копнеж.

Тази плът ти е одежда,
а Земята – школен чин;
ти живееш и се учиш
като малък Божи син.
Дързост, мили мой животе,
с теб е Божията любов!
Тя зове те все нагоре –
в съвършенство и свят нов.",brotherhood,225,0
150,Слава Божия ,"Не на мене, не на мене, 
но на Името Си дай, Боже, 
слава, слава, слава!",brotherhood,226,0
151,Славейчета горски,"Ний сме славейчета горски,
с песни славим Небесата,
чувства робски, грижи хорски
с песни гоним от Земята.
	Наш те песни са ронливи,
	те ни носят радост вечно – 
	хем са живи, хем игриви,
	кат поточе бързотечно.
Ето, чуйте как се лее
песента ни в тишината – 
и се лее, и люлее	  
като струя във душата. 
	От гласа ни тих и строен
	всяко зло ще се прокуди;
	нови воин – млад, достоен –
	с песните си ще пробудим. 
Пейте, пейте, мили птички – 
тъй се истински живее!
Пейте, пейте дружно всички –
целий свят със вас да пее!",brotherhood,226,0
152,Слънцето на Любовта,"Слънцето на Любовта 
изгрява веч във света. 
Вредом праща светлина 
и разнася топлина. 
Ний сме слънчеви лъчи, 
носим новия живот. 
Ний сме слънчеви лъчи, 
носим новия живот.",brotherhood,227,0
153,"Стани, стани!","Стани, стани –
и Господ ще те оживи;
стани, стани – 
и Господ ще те възкреси;
стани, стани – 
и с Любовта започни;
стани, стани – 
и Истината облечи!

В Истина се облечи
и със нея все гради,
тя ще те и обнови,  
и с Дух ще те озари.",brotherhood,228,0
154,Страдна душо,"Страдна душо, ти копнееш:
за какво гориш и тлееш?
– Словото Ти, Боже, чакам, 
и обилната Ти милост – 
за тях страдам и копнея.
	
	И гладувам, и жадувам – 
	тях очаквам денонощно.
	Ти ме, Боже, благославяй,
	при Теб близо аз да бъда
	и утеха в Теб да найда.

Твоя светъл лик да гледам
и величието Твое,
да науча Теб да любя.
В таз Любов към Тебе, Боже,
да намеря мощна сила.
	
	Във подвизи, съвършенство
	да познавам милостта Ти,
	превеликата Ти тайна,
	що разкрива на човека
	суетата на живота.

Всичко грешно на Земята
е преходно, мимолетно.
Само Ти си вечен, Боже:
Тебе хвалим, Тебе славим,
Теб ще славят вековете.",brotherhood,228,0
155,"Събуди се, братко!","Събуди се, братко мили,
от дълбок сън ти стани
и веригите вековни
от нозете си снеми.
	
	Любовта е твоя майка,
	твоя сила, твой пилот –
	тя ще те изправи крепко, 
	тя ще ти дари живот.

Напусни затвори тъмни,
вън е вредом светлина – 
мир и радост те очакват 
и блажена сетнина.
	
	Любовта е твой учител, 
	живо слово да ще ти –	
	на добро ще те научи,
	в мъдрост ще те посвети.

И на брата си продумай  
сладка дума с подтик нов – 
ти сърцето му да стоплиш
с твойта искрена любов.
       
	Любовта е твой спасител,
	нея в помощ призови –
	тя душата ти от гнета
	скоро ще освободи.",brotherhood,230,0
156,Сърдечен зов,"Пред Теб припадаме, Господи,
днес с чисти, трепетни души.
Във песен изливаме сърцата си
и зовем Те, Пресвятий: прости!

Забравяй греховете наши,
обилно нас благослови.
Царю Преблагий на светлите души,
в Царството Си ни приеми!

Там да Те славим през вечността – 
един Ти заслужаваш хвала.
Огради ни с милостите Си Твои,
озари ни с Твойта светлина.",brotherhood,231,0
157,Тайната вечеря,"Зун мери ману, 
зун мери манундана,
асавита вита нанда.
Зун мери ману, 
зун мери манундана,
асавита нанда.
Всичко е светло, 
всичко е осветено 
с Мойта жива Виделина.
Зун мери ману, 
зун мери манундана,
асавита нанда.",brotherhood,232,0
158,Тебе поем,"Тебе поем, 
Тебе благодарим.
Тебе благословим, 
Боже наш.
И молим Ти ся,
и молим Ти ся, 
и молим Ти ся,
о, Боже наш!",brotherhood,232,0
159,Ти си проявената Любов,"Ти си проявената Любов 
към мен, Господи! 
Душата ми копнеe 
за Твойта чистота. 
Душата ми копнеe 
за Твойта светлина.",brotherhood,233,0
160,Шуми,"Шуми, аз слушам
цял свят да шуми!
Шумят сърцата человешки
всред свойте идоли и грешки,
шумят безспирно умовете – 
голям е прилив в домовете.
Шуми, аз слушам
цял свят да шуми!

И вятър вее, 
където си ще.
Листата горски отговарят
на неговия зов, повтарят
любимата си песенчица,
игрива като ладанчица.
И вятър вее,
където си ще.

Мой ветре,
буйно задухай сега!
Носи Божествената влага
и освежаваща прохлада,
пречиствай задушливи хижи,
разсявай тежки земни грижи!
Мой ветре,
буйно задухай сега!

Задухай, ветре,
света разведри!
При чисти мисли, нежни чувства
цъфтят Божествени изкуства;
навред да просияе радост,
навред да диша свежа младост.
Задухай, ветре,
света избистри!",brotherhood,233,0
161,Ще се развеселя,"Ще се развеселя премного 
заради Господа,
душата ми ще се зарадува
в Бога моего.

Защото ме облече
в одежди на спасение,
загърна ме 	
в мантия на правда, 

като жених,
украсен със венец,
като невеста,
накитена със утварите си,

като девица,
преизбрана от другарките си.",brotherhood,235,0
